repo_id,repo_url,branch,cutoff_commit,dimensions_run,single_entry_modularization_comment,code_quality_efficiency_comment,documentation_clarity_comment,testing_coverage_comment,dependency_management_comment,error_handling_validation_comment,artifacting_reproducibility_comment,pipeline_completeness_comment,version_control_workflow_comment,overall_comment
01_moanv2_1-mlops-kickoff-repo,https://github.com/moanv2/1-mlops-kickoff-repo,main,38050b65967e6bfa4fabda416e3dbd4b716525cf,"artifacting,code_quality,dependencies,documentation,error_handling,modularization,pipeline,testing,version_control",Main entry point exists and the pipeline is modular and fully orchestrated end to end,"Code quality is generally strong, with only minor style or complexity issues",README usage guidance or function-level documentation is too limited,Pytest runs successfully with 117/117 tests passing and 87.0% coverage,Environment definition file is present,"Validation covers basic fail-fast and core schema checks, but deeper target, dtype, or domain rules are limited",Artifact generation from main.py is limited or not clearly evidenced,At least one valid experimentation or modular notebook was found and it imports from src,Strong GitHub workflow evidence shows broad team participation through Pull Requests and reviews,First-pass qualitative feedback generated from the selected rubric dimensions
02_mohammedeia_1-mlops-kickoff-repo,https://github.com/mohammedeia/1-mlops-kickoff-repo,main,b206ad50e9cfd35d3885f389cdfacccb40d815ea,"artifacting,code_quality,dependencies,documentation,error_handling,modularization,pipeline,testing,version_control",Main entry point exists and the pipeline is modular and fully orchestrated end to end,"Code quality evidence shows notable style, maintainability, or complexity issues","README is present and runnable, and function docstring coverage is strong",Pytest runs successfully with 93/93 tests passing and 94.24% coverage,Environment definition file is present,"Validation covers basic fail-fast and core schema checks, but deeper target, dtype, or domain rules are limited","main.py clearly produces processed data, a serialized model, and prediction artifacts",At least one valid experimentation or modular notebook was found and it imports from src,"Good GitHub workflow evidence shows several contributors using Pull Requests, but participation is not yet near full-team",First-pass qualitative feedback generated from the selected rubric dimensions
03_cesargrobles_session1-kickoff,https://github.com/cesargrobles/session1-kickoff,main,dc9405175e934716485456ddaa7cc9b576e409d5,"artifacting,code_quality,dependencies,documentation,error_handling,modularization,pipeline,testing,version_control","Main entry point is clear and the pipeline is modular, but one core stage is not fully orchestrated from main.py","Code quality evidence shows notable style, maintainability, or complexity issues","Documentation is useful overall, but README usage clarity or docstring coverage is still uneven",Pytest runs successfully with 48/48 tests passing and 72.94% coverage,Environment definition file is present,"Validation covers basic fail-fast and core schema checks, but deeper target, dtype, or domain rules are limited","main.py clearly produces processed data, a serialized model, and prediction artifacts",At least one valid experimentation or modular notebook was found and it imports from src,"Good GitHub workflow evidence shows several contributors using Pull Requests, but participation is not yet near full-team",First-pass qualitative feedback generated from the selected rubric dimensions
04_iceman-git_1-mlops-kickoff-repo,https://github.com/iceman-git/1-mlops-kickoff-repo,main,45de07e455b39a2c1d3c1ff2f84237624d304897,"artifacting,code_quality,dependencies,documentation,error_handling,modularization,pipeline,testing,version_control",Main entry point exists and the pipeline is modular and fully orchestrated end to end,"Code quality evidence shows notable style, maintainability, or complexity issues",README usage guidance or function-level documentation is too limited,Pytest runs successfully with 40/40 tests passing and 85.82% coverage,Environment definition file is present,"Validation covers basic fail-fast and core schema checks, but deeper target, dtype, or domain rules are limited","main.py clearly produces processed data, a serialized model, and prediction artifacts",At least one valid experimentation or modular notebook was found and it imports from src,"Good GitHub workflow evidence shows several contributors using Pull Requests, but participation is not yet near full-team",First-pass qualitative feedback generated from the selected rubric dimensions
05_ricardo-lievano-pedroza_1-mlops-kickoff-repo,https://github.com/ricardo-lievano-pedroza/1-mlops-kickoff-repo,main,144ea4e37e9a27c066902dc36c8e6d8f54b8cbe5,"artifacting,code_quality,dependencies,documentation,error_handling,modularization,pipeline,testing,version_control",Main entry point exists and the pipeline is modular and fully orchestrated end to end,"Code quality evidence shows notable style, maintainability, or complexity issues",README usage guidance or function-level documentation is too limited,Pytest evidence is unreliable because dependencies are missing in the grading environment,Environment definition file is present,"Validation covers basic fail-fast and core schema checks, but deeper target, dtype, or domain rules are limited","main.py clearly produces processed data, a serialized model, and prediction artifacts",At least one valid experimentation or modular notebook was found and it imports from src,Strong GitHub workflow evidence shows broad team participation through Pull Requests and reviews,First-pass qualitative feedback generated from the selected rubric dimensions
06_rayanmazari90_1-mlops-kickoff-repo,https://github.com/rayanmazari90/1-mlops-kickoff-repo,main,8e56838409b0a15dcfe5ed714b6b5597cc0e5e0d,"artifacting,code_quality,dependencies,documentation,error_handling,modularization,pipeline,testing,version_control",Main entry point exists and the pipeline is modular and fully orchestrated end to end,"Code quality evidence shows notable style, maintainability, or complexity issues",README usage guidance or function-level documentation is too limited,Pytest runs successfully with 33/33 tests passing and 86.74% coverage,Environment definition file is present,"Validation covers basic fail-fast and core schema checks, but deeper target, dtype, or domain rules are limited","main.py clearly produces processed data, a serialized model, and prediction artifacts",No valid experimentation or modular notebook matched the naming rule,Only limited GitHub workflow participation is evidenced,First-pass qualitative feedback generated from the selected rubric dimensions
07_cmiebach_1-mlops-kickoff-repo,https://github.com/cmiebach/1-mlops-kickoff-repo,main,97374f8aa2233235507b63dc523fbdc189b1cfcd,"artifacting,code_quality,dependencies,documentation,error_handling,modularization,pipeline,testing,version_control",Main entry point exists and the pipeline is modular and fully orchestrated end to end,"Code quality evidence shows notable style, maintainability, or complexity issues",README usage guidance or function-level documentation is too limited,Pytest runs successfully with 90/90 tests passing and 85.65% coverage,Environment definition file is present,"Validation covers basic fail-fast and core schema checks, but deeper target, dtype, or domain rules are limited","main.py clearly produces processed data, a serialized model, and prediction artifacts",At least one valid experimentation or modular notebook was found and it imports from src,"Good GitHub workflow evidence shows several contributors using Pull Requests, but participation is not yet near full-team",First-pass qualitative feedback generated from the selected rubric dimensions
08_JJR9903_1-mlops-kickoff-repo,https://github.com/JJR9903/1-mlops-kickoff-repo,main,349dbde36dda1a8063463a47e218eb97e8be0054,"artifacting,code_quality,dependencies,documentation,error_handling,modularization,pipeline,testing,version_control",Main entry point exists and the pipeline is modular and fully orchestrated end to end,"Code quality evidence shows notable style, maintainability, or complexity issues","Documentation is useful overall, but README usage clarity or docstring coverage is still uneven","Tests were found, but the suite did not run cleanly enough to produce usable scoring evidence",Environment definition file is present,"Validation evidence is present, but it is too narrow to support comprehensive error handling","main.py clearly produces processed data, a serialized model, and prediction artifacts",At least one valid experimentation or modular notebook was found and it imports from src,Strong GitHub workflow evidence shows broad team participation through Pull Requests and reviews,First-pass qualitative feedback generated from the selected rubric dimensions
10_Navenkumar-Balasubramaniam_1-mlops-kickoff-repo,https://github.com/Navenkumar-Balasubramaniam/1-mlops-kickoff-repo,main,5f91d0e67127f3eeca97a963e33cd1e0d23c243b,"artifacting,code_quality,dependencies,documentation,error_handling,modularization,pipeline,testing,version_control",Main entry point exists and the pipeline is modular and fully orchestrated end to end,"Code quality is generally strong, with only minor style or complexity issues",README usage guidance or function-level documentation is too limited,Pytest runs successfully with 26/26 tests passing and 91.34% coverage,Environment definition file is present,"Validation covers basic fail-fast and core schema checks, but deeper target, dtype, or domain rules are limited","main.py clearly produces processed data, a serialized model, and prediction artifacts",No valid experimentation or modular notebook matched the naming rule,"Basic GitHub workflow evidence is present, but contribution coverage across the team is still partial",First-pass qualitative feedback generated from the selected rubric dimensions
11_npbeard_mlops-group8,https://github.com/npbeard/mlops-group8,main,dd376247d7700190a56cc389cbfbcb452da193cf,"artifacting,code_quality,dependencies,documentation,error_handling,modularization,pipeline,testing,version_control",Main entry point exists and the pipeline is modular and fully orchestrated end to end,"Code quality is generally strong, with only minor style or complexity issues",README usage guidance or function-level documentation is too limited,Pytest runs successfully with 60/60 tests passing and 99.62% coverage,Environment definition file is present,Validation breadth is strong and covers core schema checks plus deeper dataset-specific rules,"main.py clearly produces processed data, a serialized model, and prediction artifacts",At least one valid experimentation or modular notebook was found and it imports from src,Strong GitHub workflow evidence shows broad team participation through Pull Requests and reviews,First-pass qualitative feedback generated from the selected rubric dimensions
12_vik01_mlops-full,https://github.com/vik01/mlops-full,main,5bb2e4964c581d1d1969b92f74471dd21e55d3cc,"artifacting,code_quality,dependencies,documentation,error_handling,modularization,pipeline,testing,version_control",Main entry point exists and the pipeline is modular and fully orchestrated end to end,"Code quality evidence shows notable style, maintainability, or complexity issues","Documentation is useful overall, but README usage clarity or docstring coverage is still uneven",Pytest ran with 69/70 tests passing and 70.76% coverage,Environment definition file is present,"Validation covers basic fail-fast and core schema checks, but deeper target, dtype, or domain rules are limited","main.py clearly produces processed data, a serialized model, and prediction artifacts",At least one valid experimentation or modular notebook was found and it imports from src,Strong GitHub workflow evidence shows broad team participation through Pull Requests and reviews,First-pass qualitative feedback generated from the selected rubric dimensions
13_edendia_Group5_Fork,https://github.com/edendia/Group5_Fork,main,2f6ff786c912a8e0980d67a75f3aba5b05a5828b,"artifacting,code_quality,dependencies,documentation,error_handling,modularization,pipeline,testing,version_control",Main entry point exists and the pipeline is modular and fully orchestrated end to end,"Code quality evidence shows notable style, maintainability, or complexity issues",README usage guidance or function-level documentation is too limited,Pytest runs successfully with 53/53 tests passing and 88.89% coverage,Environment definition file is present,"Validation covers basic fail-fast and core schema checks, but deeper target, dtype, or domain rules are limited","main.py clearly produces processed data, a serialized model, and prediction artifacts",No valid experimentation or modular notebook matched the naming rule,Strong GitHub workflow evidence shows broad team participation through Pull Requests and reviews,First-pass qualitative feedback generated from the selected rubric dimensions
14_jclujan_my-project1-mlops,https://github.com/jclujan/my-project1-mlops,main,fafbb85ba01530c7c1b4e49724e36dd848f689eb,"artifacting,code_quality,dependencies,documentation,error_handling,modularization,pipeline,testing,version_control",Main entry point exists and the pipeline is modular and fully orchestrated end to end,"Code quality evidence shows notable style, maintainability, or complexity issues",README usage guidance or function-level documentation is too limited,Pytest runs successfully with 41/41 tests passing and 85.56% coverage,Environment definition file is present,Validation breadth is strong and covers core schema checks plus deeper dataset-specific rules,"main.py clearly produces processed data, a serialized model, and prediction artifacts",At least one valid experimentation or modular notebook was found and it imports from src,"Basic GitHub workflow evidence is present, but contribution coverage across the team is still partial",First-pass qualitative feedback generated from the selected rubric dimensions
15_sebog99_group6-mlops-kickoff-repo,https://github.com/sebog99/group6-mlops-kickoff-repo,main,ac2ae1edf23ff5cbeb12606aeb84a60bd47d2ae7,"artifacting,code_quality,dependencies,documentation,error_handling,modularization,pipeline,testing,version_control",Main entry point exists and the pipeline is modular and fully orchestrated end to end,"Code quality is generally strong, with only minor style or complexity issues","Documentation is useful overall, but README usage clarity or docstring coverage is still uneven",Pytest runs successfully with 16/16 tests passing and 77.58% coverage,Environment definition file is present,"Validation evidence is present, but it is too narrow to support comprehensive error handling","main.py clearly produces processed data, a serialized model, and prediction artifacts",No valid experimentation or modular notebook matched the naming rule,"Good GitHub workflow evidence shows several contributors using Pull Requests, but participation is not yet near full-team",First-pass qualitative feedback generated from the selected rubric dimensions
16_robsrot_G2_MLOPS_Project,https://github.com/robsrot/G2_MLOPS_Project,main,7d19c319490ad0d3791af69e8268bf74eb7fb94c,"artifacting,code_quality,dependencies,documentation,error_handling,modularization,pipeline,testing,version_control","Main entry point is clear and the pipeline is modular, but one core stage is not fully orchestrated from main.py","Code quality evidence shows notable style, maintainability, or complexity issues","Documentation is useful overall, but README usage clarity or docstring coverage is still uneven",Pytest runs successfully with 71/71 tests passing and 88.61% coverage,Environment definition file is present,"Validation covers basic fail-fast and core schema checks, but deeper target, dtype, or domain rules are limited","main.py clearly produces processed data, a serialized model, and prediction artifacts",At least one valid experimentation or modular notebook was found and it imports from src,"Good GitHub workflow evidence shows several contributors using Pull Requests, but participation is not yet near full-team",First-pass qualitative feedback generated from the selected rubric dimensions
17_marcosinaniz-ai_mlops_group_1,https://github.com/marcosinaniz-ai/mlops_group_1,main,9c93ab7ac68366f78e219854ebf706757c068b76,"artifacting,code_quality,dependencies,documentation,error_handling,modularization,pipeline,testing,version_control",Main entry point exists and the pipeline is modular and fully orchestrated end to end,"Code quality is generally strong, with only minor style or complexity issues",README usage guidance or function-level documentation is too limited,Pytest ran with 40/42 tests passing and 72.56% coverage,Environment definition file is present,Validation breadth is strong and covers core schema checks plus deeper dataset-specific rules,"main.py clearly produces processed data, a serialized model, and prediction artifacts",No valid experimentation or modular notebook matched the naming rule,Strong GitHub workflow evidence shows broad team participation through Pull Requests and reviews,First-pass qualitative feedback generated from the selected rubric dimensions
19_2026-IE-MLOps-Course_2-mlops-modularized-repo,https://github.com/2026-IE-MLOps-Course/2-mlops-modularized-repo,main,d5ce0e90286875f8e8764bdd4da9ab6c926818be,"artifacting,code_quality,dependencies,documentation,error_handling,modularization,pipeline,testing,version_control",Main entry point exists and the pipeline is modular and fully orchestrated end to end,"Code quality evidence shows notable style, maintainability, or complexity issues","Documentation is useful overall, but README usage clarity or docstring coverage is still uneven",Pytest runs successfully with 40/40 tests passing and 86.92% coverage,Environment definition file is present,Validation breadth is strong and covers core schema checks plus deeper dataset-specific rules,"main.py clearly produces processed data, a serialized model, and prediction artifacts",At least one valid experimentation or modular notebook was found and it imports from src,Only limited GitHub workflow participation is evidenced,First-pass qualitative feedback generated from the selected rubric dimensions
